Date,Name,Year,Letterboxd URI,Rating,Genres,TMDB ID
2023-10-28,Totally Killer,2023,https://boxd.it/AOpG,3.0,Horror|Comedy|Science Fiction,974931.0
2023-10-28,Barbie,2023,https://boxd.it/bCLK,5.0,Comedy|Adventure|Fantasy,346698.0
2023-10-28,No Hard Feelings,2023,https://boxd.it/xouu,3.5,Comedy|Romance,884605.0
2023-10-28,Talk to Me,2022,https://boxd.it/C6uQ,3.5,Drama,1118584.0
2023-10-28,Get Out,2017,https://boxd.it/eOCm,3.5,Mystery|Thriller|Horror,419430.0
2023-10-28,Pearl,2022,https://boxd.it/zPbe,3.5,Horror,949423.0
2023-10-28,Bottoms,2023,https://boxd.it/uGf2,5.0,Comedy,814776.0
2023-10-28,There's Something Wrong with the Children,2023,https://boxd.it/xYzA,2.0,Horror|Mystery,899579.0
2023-10-28,Ready or Not,2019,https://boxd.it/kOf0,3.5,Horror|Comedy,567609.0
2023-10-28,Spider-Man: Across the Spider-Verse,2023,https://boxd.it/kSz4,5.0,Animation|Action|Adventure|Science Fiction,569094.0
2023-10-28,The Menu,2022,https://boxd.it/lScm,3.5,Comedy|Horror,593643.0
2023-10-28,X,2022,https://boxd.it/sxVa,3.5,Horror,760104.0
2023-10-28,The Banshees of Inisherin,2022,https://boxd.it/p7XS,4.0,Drama|Comedy,674324.0
2023-10-28,Guardians of the Galaxy Vol. 3,2023,https://boxd.it/fVNI,4.0,Science Fiction|Adventure|Action,447365.0
2023-10-28,Aftersun,2022,https://boxd.it/Arw0,3.5,Drama,965150.0
2023-10-28,The Super Mario Bros. Movie,2023,https://boxd.it/i8C8,4.0,Family|Comedy|Adventure|Fantasy|Animation,502356.0
2023-10-28,Barbarian,2022,https://boxd.it/yohi,3.5,Horror|Mystery|Thriller,913290.0
2023-10-28,Bodies Bodies Bodies,2022,https://boxd.it/iRcE,3.0,Comedy|Mystery|Horror,520023.0
2023-10-28,"Are You There God? It's Me, Margaret.",2023,https://boxd.it/kiYC,4.0,Comedy|Drama,555285.0
2023-10-28,You Are So Not Invited to My Bat Mitzvah,2023,https://boxd.it/BMeI,3.0,Comedy|Drama,999644.0
2023-10-28,Life Partners,2014,https://boxd.it/7HvO,2.5,Romance|Comedy,260001.0
2023-10-28,Jennifer's Body,2009,https://boxd.it/1Efw,3.5,Horror|Comedy,19994.0
2023-10-28,But I'm a Cheerleader,1999,https://boxd.it/1CW4,3.5,,
2023-10-28,Professor Marston and the Wonder Women,2017,https://boxd.it/eRPS,4.0,Drama|Romance,420622.0
2023-10-28,Beau Is Afraid,2023,https://boxd.it/u2gE,3.5,Comedy|Adventure|Fantasy,798286.0
2023-10-28,Scream VI,2023,https://boxd.it/zdfW,3.5,Horror|Thriller|Crime,934433.0
2023-10-28,M3GAN,2022,https://boxd.it/jxmG,3.5,Science Fiction|Horror,536554.0
2023-10-28,Infinity Pool,2023,https://boxd.it/oPSK,3.0,Horror|Science Fiction|Thriller,667216.0
2023-10-28,Hustlers,2019,https://boxd.it/jIBM,2.0,Drama|Comedy|Crime,540901.0
2023-10-28,Fresh,2022,https://boxd.it/tCNi,3.0,Horror|Thriller|Comedy,787752.0
2023-10-29,Evil Dead Rise,2023,https://boxd.it/qIvo,3.0,Horror|Thriller,713704.0
2023-10-29,Cocaine Bear,2023,https://boxd.it/ugw2,3.5,Thriller|Comedy|Crime,804150.0
2023-10-29,Elemental,2023,https://boxd.it/ASiE,3.5,Animation|Comedy|Family|Romance,976573.0
2023-10-29,Teenage Mutant Ninja Turtles: Mutant Mayhem,2023,https://boxd.it/mK0a,4.0,Animation|Comedy|Action|Science Fiction,614930.0
2023-10-29,"Red, White & Royal Blue",2023,https://boxd.it/z3iG,3.5,Comedy|Romance,930094.0
2023-10-29,Nimona,2023,https://boxd.it/Aiyc,4.0,Animation|Family|Fantasy|Adventure|Science Fiction|Action,961323.0
2023-10-29,Missing,2023,https://boxd.it/sS1W,3.0,Drama|Mystery|Thriller,768362.0
2023-10-29,Theater Camp,2023,https://boxd.it/Bfbm,4.0,Comedy,986054.0
2023-10-29,No One Will Save You,2023,https://boxd.it/uUO6,3.0,Horror|Science Fiction,820609.0
2023-10-29,Rye Lane,2023,https://boxd.it/DIyy,3.5,Comedy|Romance,1049638.0
2023-10-29,Love at First Sight,2023,https://boxd.it/bUmS,3.0,Romance|Drama,353577.0
2023-10-29,Fair Play,2023,https://boxd.it/yirc,3.0,Drama|Thriller|Romance,910571.0
2023-10-29,Cobweb,2023,https://boxd.it/qywG,3.5,Horror,709631.0
2023-10-29,Carl's Date,2023,https://boxd.it/EInC,4.5,Animation|Family|Comedy|Romance,1076364.0
2023-10-29,Sitting in Bars with Cake,2023,https://boxd.it/zkuu,3.5,Romance|Comedy|Drama,936952.0
2023-10-29,Malignant,2021,https://boxd.it/mViE,2.5,Horror|Mystery,619778.0
2023-10-29,Scream,1996,https://boxd.it/24EC,4.0,Crime|Horror|Mystery,4232.0
2023-10-29,Scream 2,1997,https://boxd.it/24Es,3.5,Horror|Mystery,4233.0
2023-10-29,Scream 3,2000,https://boxd.it/24Ei,3.0,Horror|Mystery,4234.0
2023-10-29,Scream,2022,https://boxd.it/o0lg,3.5,Horror|Mystery,646385.0
2023-10-29,Scream 4,2011,https://boxd.it/Zmc,3.5,Horror|Mystery,41446.0
2023-10-29,Crawl,2019,https://boxd.it/iwYi,2.5,Horror|Thriller,511987.0
2023-10-29,Corpse Bride,2005,https://boxd.it/24WQ,4.0,Romance|Fantasy|Animation,3933.0
2023-10-30,Freaky Friday,2003,https://boxd.it/1WwK,4.0,Comedy|Family|Fantasy,10330.0
2023-10-30,Rough Night,2017,https://boxd.it/dV0W,3.0,Drama|Comedy,397422.0
2023-11-01,The Silenced,2015,https://boxd.it/brx8,3.0,Horror|Thriller|Mystery,342657.0
2023-11-01,Suspiria,2018,https://boxd.it/cioI,4.0,Horror|Mystery|Drama,361292.0
2023-11-01,Huesera: The Bone Woman,2022,https://boxd.it/t1J4,3.0,,
2023-11-02,"Good Luck to You, Leo Grande",2022,https://boxd.it/stYk,3.5,Romance|Drama,758330.0
2023-11-02,Avengers: Endgame,2019,https://boxd.it/9vE4,5.0,Adventure|Science Fiction|Action,299534.0
2023-11-02,The Hustle,2019,https://boxd.it/g1ju,3.0,Comedy|Crime,449562.0
2023-11-02,The Autopsy of Jane Doe,2016,https://boxd.it/dUu2,4.0,Horror|Mystery,397243.0
2023-11-02,Paranormal Activity,2007,https://boxd.it/1yIM,3.5,Horror|Mystery,23827.0
2023-11-02,Scary Movie 4,2006,https://boxd.it/24B4,3.0,Comedy,4257.0
2023-11-02,Five Nights at Freddy's,2023,https://boxd.it/ikHu,2.5,Horror|Thriller,507089.0
2023-11-02,Train to Busan,2016,https://boxd.it/dSQU,3.5,Action|Horror|Thriller|Adventure,396535.0
2023-11-02,Poison,2023,https://boxd.it/Is7Q,4.0,Comedy|Drama|Thriller,1172676.0
2023-11-02,Host,2020,https://boxd.it/r5O4,4.5,Horror,723072.0
2023-11-02,Snoopy Presents: One-of-a-Kind Marcie,2023,https://boxd.it/GFAW,4.0,Animation|Family|Comedy,1128604.0
2023-11-03,The Conference,2023,https://boxd.it/HV9u,3.0,Horror|Comedy,1161048.0
2023-11-06,Everything Everywhere All at Once,2022,https://boxd.it/jUk4,5.0,Action|Adventure|Science Fiction,545611.0
2023-11-06,Cheaper by the Dozen,2003,https://boxd.it/1USa,3.0,Comedy|Family,11007.0
2023-11-06,Cheaper by the Dozen 2,2005,https://boxd.it/1Yac,2.5,Comedy|Family|Adventure,9641.0
2023-11-06,Me Before You,2016,https://boxd.it/9n98,4.0,Drama|Romance,296096.0
2023-11-06,Crush,2022,https://boxd.it/wuHW,3.5,Comedy|Romance,860159.0
2023-11-09,Saw X,2023,https://boxd.it/zUWk,3.0,Horror|Mystery,951491.0
2023-11-12,Polarized,2023,https://boxd.it/Bipc,2.5,,
2023-11-12,Folklore: The Long Pond Studio Sessions,2020,https://boxd.it/sRk4,5.0,Music|Documentary,768141.0
2023-11-12,Over the Moon,2020,https://boxd.it/kv2Q,4.0,Animation|Adventure|Family|Fantasy,560050.0
2023-11-12,Unlocked,2023,https://boxd.it/rNgA,3.0,Thriller|Crime|Mystery,740441.0
2023-11-14,Sing,2016,https://boxd.it/b5EQ,3.0,Animation|Comedy|Family|Music,335797.0
2023-11-15,The Hunger Games: Catching Fire,2013,https://boxd.it/3sAw,4.5,Adventure|Action|Science Fiction,101299.0
2023-11-16,The Hunger Games: Mockingjay – Part 1,2014,https://boxd.it/4hka,3.5,,
2023-11-18,The Hunger Games: Mockingjay – Part 2,2015,https://boxd.it/4hk0,3.5,,
2023-11-20,Lilo & Stitch,2002,https://boxd.it/1TAY,4.0,Animation|Family|Comedy|Science Fiction,11544.0
2023-11-20,Rookie,2023,https://boxd.it/Hhvg,3.0,Romance|Drama,1144708.0
2023-11-26,Piece of Cake,2022,https://boxd.it/BZJu,4.0,Animation|Romance|Fantasy,1005390.0
2023-11-26,Once Upon a Studio,2023,https://boxd.it/H2gg,5.0,Animation|Family|Fantasy|Drama|Comedy,1139087.0
2023-11-26,Joy Ride,2023,https://boxd.it/wEeK,3.0,Comedy,864168.0
2023-11-28,Quiz Lady,2023,https://boxd.it/tCT6,3.0,Comedy,787781.0
2023-11-28,Ghostbusters,1984,https://boxd.it/g2w,3.5,Comedy|Fantasy,620.0
2023-11-28,The Lego Movie,2014,https://boxd.it/4pDO,4.0,Animation|Family|Adventure|Comedy|Fantasy,137106.0
2023-12-02,Jingle All the Way 2,2014,https://boxd.it/934s,2.0,Family|Comedy,289728.0
2023-12-11,Family Switch,2023,https://boxd.it/u1nu,2.5,Comedy|Fantasy|Family,798021.0
2023-12-26,Taylor Swift: The Eras Tour,2023,https://boxd.it/HTIi,5.0,,
2024-01-07,Saltburn,2023,https://boxd.it/z4eg,3.5,Drama|Comedy|Thriller,930564.0
2024-02-12,Under the Christmas Tree,2021,https://boxd.it/xmMQ,2.5,TV Movie|Romance,883936.0
2024-02-17,A Holiday I Do,2023,https://boxd.it/JaXc,1.5,Romance|Comedy|Drama,1190807.0
2024-02-17,Friends & Family Christmas,2023,https://boxd.it/IMaU,2.0,Family|Romance,1180706.0
2024-02-18,All Too Well: The Short Film,2021,https://boxd.it/xTmc,4.5,Drama|Music,897429.0
2024-03-04,The Proposal,2009,https://boxd.it/1HiS,3.5,Comedy|Romance|Drama,18240.0
2024-03-11,Robot Dreams,2023,https://boxd.it/vBZm,5.0,Animation|Drama|Comedy|Science Fiction,838240.0
2024-03-11,Anatomy of a Fall,2023,https://boxd.it/yuDE,4.5,Thriller|Mystery|Crime,915935.0
2024-03-11,Society of the Snow,2023,https://boxd.it/y9aw,4.0,Drama|History,906126.0
2024-03-11,Poor Things,2023,https://boxd.it/tNWU,4.5,Science Fiction|Romance|Comedy,792307.0
2024-03-11,Past Lives,2023,https://boxd.it/oNB8,4.5,Drama|Romance,666277.0
2024-03-11,Shaolin Soccer,2001,https://boxd.it/1T86,4.0,Action|Comedy,11770.0
2024-03-11,Simón,2023,https://boxd.it/FQ7Y,3.5,Drama,1105832.0
2024-03-11,Anyone But You,2023,https://boxd.it/EzA8,2.5,Romance|Comedy,1072790.0
2024-03-11,To All the Boys I've Loved Before,2018,https://boxd.it/gHec,3.5,Comedy|Romance,466282.0
2024-03-11,Mean Girls,2024,https://boxd.it/p6nO,2.5,Comedy,673593.0
2024-03-11,Magic Mike's Last Dance,2023,https://boxd.it/y9g0,1.5,Comedy|Drama|Romance,906221.0
2024-03-11,The Hunger Games: The Ballad of Songbirds & Snakes,2023,https://boxd.it/pZCY,4.0,Science Fiction|Action,695721.0
2024-03-11,The Marvels,2023,https://boxd.it/mwU4,3.0,Science Fiction|Adventure|Action,609681.0
2024-03-11,Plane,2023,https://boxd.it/o0lq,0.5,Action|Adventure|Thriller,646389.0
2024-03-16,Drive-Away Dolls,2024,https://boxd.it/A8vi,2.0,Comedy|Crime,957304.0
2024-03-23,13 Going on 30,2004,https://boxd.it/1X6e,4.0,Comedy|Fantasy|Romance,10096.0
2024-03-24,Just Go with It,2011,https://boxd.it/Doq,3.5,Comedy|Romance,50546.0
2024-03-27,Ballerina,2023,https://boxd.it/AiNG,2.5,Action|Thriller,961268.0
2024-03-29,Notting Hill,1999,https://boxd.it/2aeK,4.0,Romance|Comedy,509.0
2024-04-01,Kimi,2022,https://boxd.it/u7LW,3.0,Thriller|Mystery|Crime,800510.0
2024-04-27,The Cat from Outer Space,1978,https://boxd.it/1Fce,3.0,Comedy|Family|Science Fiction,19378.0
2024-04-27,The Emperor's New Groove,2000,https://boxd.it/1Tey,4.0,Adventure|Animation|Comedy|Family|Fantasy,11688.0
2024-04-28,Immaculate,2024,https://boxd.it/Douw,2.5,Horror|Mystery|Thriller,1041613.0
2024-05-06,Late Night with the Devil,2023,https://boxd.it/zo6G,3.5,,
2024-05-07,Kill Bill: Vol. 1,2003,https://boxd.it/70w,4.5,Action|Crime,24.0
2024-05-10,Goal!,2005,https://boxd.it/1XRY,3.0,Drama|Family,9763.0
2024-05-12,Freeheld,2015,https://boxd.it/9OzM,3.5,Romance|Drama,306745.0
2024-05-15,Moonlight,2016,https://boxd.it/d6bE,4.5,Drama,376867.0
2024-05-15,Abigail,2024,https://boxd.it/G0NA,3.5,Horror|Thriller|Comedy,1111873.0
2024-05-21,Challengers,2024,https://boxd.it/zld0,4.5,Drama|Romance,937287.0
2024-05-21,Little Women,2019,https://boxd.it/aSVk,5.0,Drama|Romance,331482.0
2024-05-23,Coherence,2013,https://boxd.it/6xza,3.5,,
2024-05-27,Civil War,2024,https://boxd.it/z1jW,3.5,War|Action|Drama,929590.0
2024-05-31,Kung Fu Panda,2008,https://boxd.it/1Yws,4.0,Action|Animation|Comedy|Family,9502.0
2024-05-31,The Edge of Seventeen,2016,https://boxd.it/d5nu,4.0,Comedy|Drama,376660.0
2024-06-06,D.E.B.S.,2004,https://boxd.it/2aaS,4.5,Action|Comedy|Romance,540.0
2024-06-08,Sinbad: Legend of the Seven Seas,2003,https://boxd.it/1Oa2,2.5,Action|Adventure|Animation|Family|Fantasy,14411.0
2024-06-10,Am I OK?,2022,https://boxd.it/nPqY,3.0,,
2024-06-11,The Young and the Damned,1950,https://boxd.it/29AA,4.0,Drama|Crime,800.0
2024-06-15,What Keeps You Alive,2018,https://boxd.it/ic9Y,2.5,Horror|Thriller,503752.0
2024-06-18,Prozac Nation,2001,https://boxd.it/1KxG,3.0,,
2024-06-29,The Retreat,2021,https://boxd.it/uXiM,2.5,Thriller|Horror,821390.0
2024-07-01,Victoria,2015,https://boxd.it/amSe,3.5,Crime|Thriller|Romance,320007.0
2024-07-10,When Evil Lurks,2023,https://boxd.it/rXBe,4.0,Horror|Thriller,744857.0
2024-07-12,Killer Sofa,2019,https://boxd.it/nhaC,0.5,Comedy|Horror,628446.0
2024-07-14,Rocky,1976,https://boxd.it/28Uk,4.0,Drama,1366.0
2024-07-17,Heartland,2016,https://boxd.it/e7Ki,2.0,Drama|Romance,402025.0
2024-07-26,The Maze Runner,2014,https://boxd.it/5YPM,3.5,Action|Mystery|Science Fiction|Thriller,198663.0
2024-08-03,Dune,2021,https://boxd.it/fA7G,3.5,Science Fiction|Adventure,438631.0
2024-08-05,Mamma Mia!,2008,https://boxd.it/1Tnq,4.0,Comedy|Romance,11631.0
2024-08-05,The Aristocats,1970,https://boxd.it/1X3Y,3.0,Animation|Comedy|Family|Adventure,10112.0
2024-08-08,The Iron Claw,2023,https://boxd.it/w5Pm,4.0,Drama|History,850165.0
2024-08-08,MaXXXine,2024,https://boxd.it/CIM4,3.5,Horror,1023922.0
2024-08-10,A Quiet Place: Day One,2024,https://boxd.it/sDAi,4.0,Horror|Science Fiction|Thriller,762441.0
2024-08-12,A Walk to Remember,2002,https://boxd.it/1WLq,3.5,Drama|Romance,10229.0
2024-08-13,The Help,2011,https://boxd.it/EDm,5.0,Drama,50014.0
2024-08-13,Capernaum,2018,https://boxd.it/iM3s,5.0,Drama,517814.0
2024-08-15,The Babysitter,2017,https://boxd.it/eP1w,2.5,Comedy|Horror,419479.0
2024-08-17,Stand by Me,1986,https://boxd.it/2aOe,4.5,Drama|Adventure,235.0
2024-08-17,Die Hard,1988,https://boxd.it/2a7u,4.5,Action|Thriller,562.0
2024-08-18,Nine Queens,2000,https://boxd.it/1HBA,5.0,Crime|Thriller|Drama,18079.0
2024-08-19,The Terminal,2004,https://boxd.it/2a2O,4.5,Comedy|Drama,594.0
2024-08-21,Girls' Night Out,2015,https://boxd.it/8vQi,3.0,Comedy,278736.0
2024-08-21,Thesis,1996,https://boxd.it/1Z1U,3.0,Horror|Thriller,9299.0
2024-08-22,Spaceman,2024,https://boxd.it/nC20,3.0,Science Fiction|Adventure|Drama,636706.0
2024-08-22,White Chicks,2004,https://boxd.it/1SpK,3.5,Comedy|Crime,12153.0
2024-08-23,One Day,2011,https://boxd.it/Asu,3.5,Drama|Romance,51828.0
2024-08-23,The Garfield Movie,2024,https://boxd.it/s93y,2.0,Adventure|Animation|Comedy|Family,748783.0
2024-08-24,Captain Phillips,2013,https://boxd.it/3GPK,4.5,Action|Drama|Thriller,109424.0
2024-08-27,Longlegs,2024,https://boxd.it/KzLM,3.0,Crime|Horror|Mystery,1226578.0
2024-08-28,Inside Out 2,2024,https://boxd.it/CFrC,4.0,Animation|Adventure|Comedy|Family,1022789.0
2024-09-02,Eternal Sunshine of the Spotless Mind,2004,https://boxd.it/6YK,4.0,Science Fiction|Drama|Romance,38.0
2024-09-02,Final Destination 2,2003,https://boxd.it/1YSS,2.5,Horror|Mystery,9358.0
2024-09-02,Final Destination,2000,https://boxd.it/1YrC,3.5,Horror,9532.0
2024-09-03,Spanish Affair 2,2015,https://boxd.it/bHoQ,3.5,Comedy|Romance|Family,348537.0
2024-09-03,Final Destination 3,2006,https://boxd.it/1Z40,3.0,Horror|Mystery,9286.0
2024-09-03,The Quiet Girl,2022,https://boxd.it/yvgm,3.5,Drama,916405.0
2024-09-03,Saw II,2005,https://boxd.it/2aRs,3.5,Horror,215.0
2024-09-03,Saw,2004,https://boxd.it/2aWW,3.0,Horror|Mystery|Crime,176.0
2024-09-03,Happy Feet,2006,https://boxd.it/1XH0,3.0,Animation|Comedy|Family,9836.0
2024-09-03,The Archer,2017,https://boxd.it/fzsy,2.0,Action,438455.0
2024-09-03,Ghost in the Shell,1995,https://boxd.it/1YYc,3.0,Action|Animation|Science Fiction,9323.0
2024-09-03,Se7en,1995,https://boxd.it/29zs,5.0,Crime|Mystery|Thriller,807.0
2024-09-03,Saving Face,2004,https://boxd.it/1Fj0,3.5,Comedy|Romance|Drama,19316.0
2024-09-04,Heroic Losers,2019,https://boxd.it/lXFS,4.0,Comedy|Thriller,596054.0
2024-09-05,About My Father,2023,https://boxd.it/vfcC,1.5,Comedy,829051.0
2024-09-09,Beetlejuice,1988,https://boxd.it/24QI,4.0,Fantasy|Comedy,4011.0
2024-09-14,The Breakfast Club,1985,https://boxd.it/27q4,3.5,Comedy|Drama,2108.0
2024-09-21,Puss in Boots: The Last Wish,2022,https://boxd.it/aaie,5.0,Animation|Adventure|Fantasy|Comedy|Family,315162.0
2024-09-21,Final Destination 5,2011,https://boxd.it/r1k,2.0,Horror|Mystery,55779.0
2024-09-21,Legally Blonde,2001,https://boxd.it/1ZNa,4.0,Comedy,8835.0
2024-09-29,The Secret Life of Walter Mitty,2013,https://boxd.it/3SWy,3.5,Adventure|Comedy|Drama|Fantasy,116745.0
2024-10-01,She's the Man,2006,https://boxd.it/1Y7W,2.0,Comedy|Romance,9655.0
2024-10-05,La La Land,2016,https://boxd.it/a5fa,4.5,Comedy|Drama|Romance,313369.0
2024-10-12,It's What's Inside,2024,https://boxd.it/DOV4,3.5,Comedy|Mystery|Science Fiction,1052280.0
2024-10-21,The Fall Guy,2024,https://boxd.it/s0Bm,4.0,Action|Comedy|Romance,746036.0
2024-10-22,A Monster Calls,2016,https://boxd.it/7DjE,2.5,Fantasy|Adventure|Family,258230.0
2024-10-25,Ghostland,2018,https://boxd.it/h5Uw,3.5,Horror,476299.0
2024-10-28,A Dog's Purpose,2017,https://boxd.it/dgSI,3.5,Adventure|Fantasy|Family|Drama,381289.0
2024-10-29,Woman of the Hour,2023,https://boxd.it/vuz2,2.5,,
2024-10-30,Don't Move,2024,https://boxd.it/EfWy,2.0,Horror|Thriller,1063877.0
2024-10-31,Three Colours: Blue,1993,https://boxd.it/2b7K,3.0,,
2024-10-31,Coco,2017,https://boxd.it/bYJQ,4.5,Family|Animation|Music|Adventure,354912.0
2024-11-01,Bride Wars,2009,https://boxd.it/1W3I,3.5,Comedy|Romance,10521.0
2024-11-05,The Peasants,2023,https://boxd.it/rwWa,4.0,Animation|History|Drama,734002.0
2024-11-06,Forrest Gump,1994,https://boxd.it/728,3.5,Comedy|Drama|Romance,13.0
2024-11-08,Trap,2024,https://boxd.it/D4nK,2.5,Crime|Horror|Thriller,1032823.0
2024-11-11,Alien,1979,https://boxd.it/2awY,3.0,Horror|Science Fiction,348.0
2024-11-18,The Substance,2024,https://boxd.it/zanS,3.5,Horror|Science Fiction,933260.0
2024-11-19,The Babysitter: Killer Queen,2020,https://boxd.it/n4VA,0.5,Comedy|Horror,623491.0
2024-11-24,Olivia Rodrigo: GUTS World Tour,2024,https://boxd.it/QyZK,3.5,Music,1365141.0
2024-12-02,Isn't It Romantic,2019,https://boxd.it/g1jE,2.5,Comedy|Fantasy|Romance,449563.0
2024-12-02,Coraline,2009,https://boxd.it/1NhQ,4.5,Animation|Family|Fantasy|Horror,14836.0
2024-12-02,Lift,2024,https://boxd.it/A5s6,1.5,Action|Comedy|Crime,955916.0
2024-12-03,The Intouchables,2011,https://boxd.it/2FT0,5.0,Drama|Comedy,77338.0
2024-12-06,Look Both Ways,2022,https://boxd.it/ujzI,3.0,Romance|Drama|Comedy,805327.0
2024-12-06,The Father,2020,https://boxd.it/m8Ie,3.0,Drama,600354.0
2024-12-07,A Nonsense Christmas with Sabrina Carpenter,2024,https://boxd.it/QkR8,4.0,Music|Comedy,1358820.0
2024-12-10,The Wild Robot,2024,https://boxd.it/IWFy,5.0,Family|Animation|Science Fiction|Adventure,1184918.0
2024-12-10,The Night Before,2015,https://boxd.it/9n9W,3.0,Comedy|Adventure|Fantasy,296100.0
2024-12-12,Little Forest,2018,https://boxd.it/fYHI,2.5,Drama,448491.0
2024-12-13,The Equalizer,2014,https://boxd.it/4TUK,4.0,Thriller|Action|Crime,156022.0
2024-12-14,Chicago,2002,https://boxd.it/28zm,4.0,Comedy|Crime|Drama,1574.0
2024-12-16,Saw III,2006,https://boxd.it/2aRC,2.5,Horror|Thriller|Crime,214.0
2024-12-17,Anna and the Apocalypse,2017,https://boxd.it/gwcE,2.5,,
2024-12-18,We Live in Time,2024,https://boxd.it/FC5u,4.0,Romance|Drama,1100099.0
2024-12-19,Other Side of the Box,2018,https://boxd.it/lXsa,4.0,Horror|Thriller,595801.0
2024-12-19,Runaway Bride,1999,https://boxd.it/23Om,2.5,Comedy|Romance,4806.0
2024-12-21,Last ExMas,2024,https://boxd.it/QuPw,2.0,Romance|Comedy,1363879.0
2024-12-22,The Shawshank Redemption,1994,https://boxd.it/2aHi,4.0,Drama|Crime,278.0
2024-12-24,Happiest Season,2020,https://boxd.it/iS3I,3.5,Romance|Comedy,520172.0
2024-12-25,Looking for Her,2022,https://boxd.it/DhoG,2.5,Romance|Comedy|Drama,1038157.0
2024-12-29,Christmas at the Ranch,2021,https://boxd.it/ulik,1.0,Romance|Comedy|Drama,805973.0
2024-12-29,Jingle All the Way,1996,https://boxd.it/1Z58,3.5,Family|Adventure|Comedy,9279.0
2024-12-30,All Quiet on the Western Front,2022,https://boxd.it/H08,4.0,War|Drama,49046.0
2024-12-31,Bandslam,2009,https://boxd.it/1zkc,3.0,Comedy|Drama|Music,23367.0
2025-01-03,Klaus,2019,https://boxd.it/ipoi,4.5,Animation|Family|Comedy,508965.0
2025-01-04,Spy,2015,https://boxd.it/71Ks,4.0,Action|Comedy|Crime,238713.0
2025-01-05,Pride & Prejudice,2005,https://boxd.it/24u8,4.0,Drama|Romance,4348.0
2025-01-05,The Polar Express,2004,https://boxd.it/23am,2.0,Adventure|Animation|Family|Fantasy,5255.0
2025-01-05,Dead Poets Society,1989,https://boxd.it/2aSg,4.5,Drama,207.0
2025-01-06,Love Actually,2003,https://boxd.it/2aeU,3.0,Comedy|Romance|Drama,508.0
2025-01-08,Kill,2023,https://boxd.it/HTqS,4.0,,
2025-01-12,Deadpool & Wolverine,2024,https://boxd.it/jq8s,4.0,Action|Comedy|Science Fiction,533535.0
2025-01-12,Uranus 2324,2024,https://boxd.it/IdU4,1.5,Romance|Drama|Science Fiction,1167366.0
2025-01-17,Triangle,2009,https://boxd.it/1tQG,2.0,Horror,26466.0
2025-01-19,Pan's Labyrinth,2006,https://boxd.it/28No,3.0,Fantasy|Drama|War,1417.0
2025-01-19,Capitán Barato,2024,https://boxd.it/O9S6,5.0,Documentary,1314226.0
2025-01-20,Back in Action,2025,https://boxd.it/By9k,2.0,Action|Comedy,993710.0
2025-01-21,Bridge to Terabithia,2007,https://boxd.it/28YG,4.0,Adventure|Drama|Family,1265.0
2025-01-22,John Tucker Must Die,2006,https://boxd.it/1Z2S,3.0,Comedy|Romance,9293.0
2025-01-24,Bend It Like Beckham,2002,https://boxd.it/2am0,2.0,Comedy|Drama|Romance,455.0
2025-01-25,Booksmart,2019,https://boxd.it/igNS,3.0,Comedy,505600.0
2025-01-26,Tragedy Girls,2017,https://boxd.it/eB7K,1.5,Horror|Comedy,413857.0
2025-01-28,Avalon High,2010,https://boxd.it/DyA,3.0,,
2025-01-28,When a Stranger Calls,2006,https://boxd.it/1XcG,3.5,Horror|Mystery,10053.0
2025-01-30,Nosferatu,2024,https://boxd.it/f5eG,4.0,Horror|Fantasy,426063.0
2025-02-03,The Sixth Sense,1999,https://boxd.it/29Js,4.0,Mystery|Thriller|Drama,745.0
2025-02-05,Monster,2023,https://boxd.it/DJEM,4.0,Mystery|Thriller|Drama,1050035.0
2025-02-06,Time Cut,2024,https://boxd.it/vcWM,1.5,Horror|Science Fiction|Thriller,827931.0
2025-02-08,Terminator 2: Judgment Day,1991,https://boxd.it/2aGY,3.5,Action|Thriller|Science Fiction,280.0
2025-02-09,Eden Lake,2008,https://boxd.it/1Q1m,1.5,Horror|Thriller,13510.0
2025-02-09,Sidelined: The QB and Me,2024,https://boxd.it/A8lW,2.5,Comedy|Romance,957119.0
2025-02-11,A Different Man,2024,https://boxd.it/BoEC,4.0,Comedy|Drama,989662.0
2025-02-12,Migration,2023,https://boxd.it/ztfo,4.0,Family|Comedy|Adventure|Animation,940551.0
2025-02-14,Wrong Turn,2003,https://boxd.it/1Xzq,2.0,Horror|Thriller,9902.0
2025-02-14,Raw,2016,https://boxd.it/dLd2,3.0,,
2025-02-15,Promising Young Woman,2020,https://boxd.it/loRE,3.5,Thriller|Crime|Drama,582014.0
2025-02-15,Attack of the Meth Gator,2023,https://boxd.it/FgOi,0.5,,
2025-02-16,The Tinder Swindler,2022,https://boxd.it/yMLw,3.5,Documentary|Crime,923632.0
2025-02-17,My Old Ass,2024,https://boxd.it/zLP0,3.0,Drama|Comedy,947891.0
2025-02-18,My Fault: London,2025,https://boxd.it/NnHu,2.5,Drama|Romance,1294203.0
2025-02-20,Companion,2025,https://boxd.it/F04o,3.5,Horror|Science Fiction|Thriller,1084199.0
2025-02-21,Bridget Jones's Diary,2001,https://boxd.it/29WQ,4.0,Comedy|Romance|Drama,634.0
2025-02-21,Anora,2024,https://boxd.it/Egcw,4.0,Drama|Comedy|Romance,1064213.0
2025-02-22,Conclave,2024,https://boxd.it/AO8q,4.0,Drama|Thriller,974576.0
2025-02-23,Villains,2019,https://boxd.it/isnC,2.5,Comedy|Horror|Thriller,510388.0
2025-02-25,Monkey Man,2024,https://boxd.it/kvsO,3.0,Thriller|Crime|Action,560016.0
2025-02-26,The Apprentice,2024,https://boxd.it/IPqG,3.0,History|Drama|Comedy,1182047.0
2025-02-28,A Real Pain,2024,https://boxd.it/CjNG,3.5,Comedy|Drama,1013850.0
2025-03-04,Flow,2024,https://boxd.it/v1Ei,5.0,Adventure|Animation|Family|Fantasy,823219.0
2025-03-04,A Moroccan Affair,2023,https://boxd.it/ED9q,3.5,Comedy|Family,1074049.0
2025-03-05,Catch Me If You Can,2002,https://boxd.it/29VS,4.0,Drama|Crime,640.0
2025-03-07,The Truman Show,1998,https://boxd.it/18U8,4.5,Comedy|Drama,37165.0
2025-03-07,The Greatest Showman,2017,https://boxd.it/acjI,4.0,Drama,316029.0
2025-03-08,"Caracas, las 2 caras de la vida",2012,https://boxd.it/ighM,0.5,Action|Drama,505362.0
2025-03-09,Penelope,2006,https://boxd.it/20HW,4.0,,
2025-03-09,"Definitely, Maybe",2008,https://boxd.it/20eU,4.0,Comedy|Romance,8390.0
2025-03-10,Ice Princess,2005,https://boxd.it/1QjA,3.5,Family|Drama|Comedy,13374.0
2025-03-14,Bullet Train,2022,https://boxd.it/qW26,4.0,Action|Comedy|Thriller,718930.0
2025-03-16,Music and Lyrics,2007,https://boxd.it/1Usw,2.5,Comedy|Music|Romance,11172.0
2025-03-17,Saw IV,2007,https://boxd.it/29Sa,2.0,Horror|Thriller|Crime,663.0
2025-03-20,The Hunger Games,2012,https://boxd.it/2uds,4.5,Science Fiction|Adventure|Action|Thriller,70160.0
2025-03-23,Gladiator,2000,https://boxd.it/2b9m,4.0,Action|Drama|Adventure,98.0
2025-03-25,I'm Still Here,2024,https://boxd.it/BPEO,4.0,Drama|History,1000837.0
2025-03-29,Brighter Days Ahead,2025,https://boxd.it/Tyru,4.0,Fantasy|Science Fiction|Music,1447182.0
2025-03-29,The Suicide Squad,2021,https://boxd.it/fw6O,3.5,Action|Comedy|Adventure,436969.0
2025-03-29,Jurassic Park,1993,https://boxd.it/2aA2,5.0,Adventure|Science Fiction,329.0
2025-03-30,Tag,2015,https://boxd.it/bjvI,1.5,Horror|Action|Science Fiction|Drama|Fantasy,340176.0
2025-04-03,"Girl, Interrupted",1999,https://boxd.it/25ds,3.5,Drama,3558.0
2025-04-03,Gladiator II,2024,https://boxd.it/kqQQ,3.0,Action|Adventure|Drama,558449.0
2025-04-05,The Holdovers,2023,https://boxd.it/vHza,4.0,Drama|Comedy,840430.0
2025-04-07,Confessions of a Shopaholic,2009,https://boxd.it/1E9e,4.0,Comedy|Romance,20048.0
2025-04-08,All of Us Strangers,2023,https://boxd.it/Bz3C,3.0,Romance|Drama|Fantasy,994108.0
2025-04-12,The Blair Witch Project,1999,https://boxd.it/26ua,2.0,Horror|Mystery,2667.0
2025-04-13,It's a Wonderful Life,1946,https://boxd.it/28xA,4.5,Drama|Family|Fantasy,1585.0
2025-04-13,Lavalantula,2015,https://boxd.it/9iT6,1.0,Horror|Science Fiction|Thriller,294562.0
2025-04-16,The Weekend Away,2022,https://boxd.it/vHXw,2.5,Thriller|Mystery,840882.0
2025-04-18,A Minecraft Movie,2025,https://boxd.it/zRro,2.5,Family|Fantasy|Comedy|Adventure,950387.0
2025-04-18,Memoir of a Snail,2024,https://boxd.it/EgX8,4.0,Animation|Comedy|Drama,1064486.0
2025-04-20,28 Days Later,2002,https://boxd.it/2aXU,3.5,Horror|Thriller|Science Fiction,170.0
2025-04-26,Jojo Rabbit,2019,https://boxd.it/iEBG,3.5,Comedy|War|Drama,515001.0
2025-04-26,Turbo,2013,https://boxd.it/2Hzw,2.5,Animation|Family,77950.0
2025-05-02,Thunderbolts*,2025,https://boxd.it/BfbQ,4.0,Action|Science Fiction|Adventure,986056.0
2025-05-03,The Boss: Anatomy of a Crime,2014,https://boxd.it/a8p8,3.5,Drama|Crime,314572.0
2025-05-10,Million Dollar Baby,2004,https://boxd.it/2bdI,4.5,Drama,70.0
2025-05-10,Little Miss Sunshine,2006,https://boxd.it/29EW,4.0,Comedy|Drama,773.0
2025-05-17,The Monkey,2025,https://boxd.it/Gwiu,1.5,Horror|Comedy,1124620.0
2025-05-17,The Match,2025,https://boxd.it/szz6,3.0,Drama|History,760497.0
2025-05-17,Death of a Unicorn,2025,https://boxd.it/HCPm,1.5,Horror|Fantasy|Comedy,1153714.0
2025-05-17,A Taxi Driver,2017,https://boxd.it/fwac,4.5,Action|Drama|History,437068.0
2025-05-24,The Legend of Ochi,2025,https://boxd.it/xRZm,2.0,Family|Fantasy|Adventure,896536.0
2025-05-24,Black,2005,https://boxd.it/1hZQ,4.0,Drama,31977.0
2025-05-31,You Are the Apple of My Eye,2024,https://boxd.it/Nehi,3.5,,
2025-06-06,The Iron Giant,1999,https://boxd.it/1Wow,5.0,Animation|Drama|Family|Science Fiction|Adventure,10386.0
2025-06-07,Cast Away,2000,https://boxd.it/20i8,4.0,Adventure|Drama,8358.0
2025-06-09,Lost in Starlight,2025,https://boxd.it/I6Yo,4.0,Animation|Romance|Science Fiction|Drama,1165642.0
2025-06-12,Final Destination Bloodlines,2025,https://boxd.it/l5y4,3.5,Horror|Mystery,574475.0
2025-06-14,Green Room,2015,https://boxd.it/a75m,3.5,,
2025-06-21,Boot Camp,2024,https://boxd.it/OmqE,2.0,Romance|Comedy,1319504.0
2025-06-22,Sinners,2025,https://boxd.it/KQMM,3.5,Horror|Action|Thriller,1233413.0
2025-06-25,An Extremely Goofy Movie,2000,https://boxd.it/1LOo,3.5,Animation|Family|Comedy,15653.0
2025-06-26,KPop Demon Hunters,2025,https://boxd.it/ufwK,4.5,Fantasy|Music|Comedy|Animation,803796.0
2025-06-29,Look Back,2024,https://boxd.it/LjA6,4.0,Animation|Drama,1244492.0
2025-06-30,Game Night,2018,https://boxd.it/fRtu,3.0,Mystery|Comedy|Crime,445571.0
2025-07-01,Marona's Fantastic Tale,2019,https://boxd.it/kQVi,3.5,,
2025-07-03,Atonement,2007,https://boxd.it/24ui,3.5,Drama|Romance,4347.0
2025-07-04,Just Like Heaven,2005,https://boxd.it/1ZoO,3.0,Comedy|Romance|Fantasy,9007.0
2025-07-06,Palm Springs,2020,https://boxd.it/lCXQ,3.5,Comedy|Romance|Science Fiction,587792.0
2025-07-12,Heretic,2024,https://boxd.it/H1lY,4.0,Thriller|Horror,1138194.0
2025-07-17,Whiplash,2014,https://boxd.it/7bQA,4.5,Drama|Music|Thriller,244786.0
2025-07-19,The Departed,2006,https://boxd.it/28MA,4.0,Drama|Thriller|Crime,1422.0
2025-07-22,Puppy Love,2023,https://boxd.it/HeaE,2.5,Comedy|Romance,1143319.0
2025-07-25,Speak No Evil,2024,https://boxd.it/G9f8,3.5,Horror|Thriller,1114513.0
2025-07-25,The Final Destination,2009,https://boxd.it/1EmW,2.0,Horror|Mystery,19912.0
2025-07-26,The Devil Wears Prada,2006,https://boxd.it/2awE,4.0,Drama|Comedy,350.0
2025-07-31,She's Rain,1993,https://boxd.it/mMyy,3.5,Drama,616010.0
2025-08-01,The Mirror Has Two Faces,1996,https://boxd.it/1we6,3.5,Comedy|Drama|Romance,25189.0
2025-08-02,Anything Else,2003,https://boxd.it/1Vw0,2.0,Drama|Comedy|Romance,10739.0
2025-08-04,Gran Torino,2008,https://boxd.it/1Qzy,4.0,Drama,13223.0
2025-08-05,My Oxford Year,2025,https://boxd.it/NSLi,3.0,Romance|Comedy|Drama,1307078.0
2025-08-09,Gremlins,1984,https://boxd.it/29gg,4.0,Fantasy|Horror|Comedy,927.0
2025-08-16,Tokyo Revengers,2021,https://boxd.it/q5wC,3.5,Action|Drama|Crime,698201.0
2025-08-21,Adventureland,2009,https://boxd.it/1JTQ,2.5,Comedy|Drama|Romance,16614.0
2025-08-23,Weapons,2025,https://boxd.it/EMTM,4.0,Horror|Mystery,1078605.0
2025-08-23,Memories of Murder,2003,https://boxd.it/1TSo,4.0,Crime|Drama|Thriller,11423.0
2025-08-28,The Road to El Dorado,2000,https://boxd.it/1W6s,3.0,Family|Adventure|Animation|Comedy|Fantasy,10501.0
2025-08-30,Bring Her Back,2025,https://boxd.it/Hxlc,4.0,Horror,1151031.0
2025-08-30,F1,2025,https://boxd.it/yjVM,4.0,Action|Drama,911430.0
2025-09-02,My Cousin Vinny,1992,https://boxd.it/1WpO,4.5,Comedy|Drama,10377.0
2025-09-02,The Rocky Horror Picture Show,1975,https://boxd.it/1a3q,3.0,Comedy|Science Fiction|Horror,36685.0
2025-09-02,Memento,2000,https://boxd.it/2bcK,4.5,Mystery|Thriller,77.0
2025-09-05,Sing Street,2016,https://boxd.it/cOo6,3.0,Romance|Drama|Music|Comedy,369557.0
2025-09-13,Ford v Ferrari,2019,https://boxd.it/ce74,4.0,Drama|History|Action,359724.0
2025-09-17,Materialists,2025,https://boxd.it/GZlW,3.5,Romance|Drama,1136867.0
2025-09-20,Tokyo Revengers 2 Part 1: Bloody Halloween - Destiny,2023,https://boxd.it/E2ey,3.0,Action|Crime|Drama,1057872.0
2025-09-26,White Snake,2019,https://boxd.it/l3PW,2.0,Romance|Animation|Fantasy,573699.0
2025-09-27,The Fantastic 4: First Steps,2025,https://boxd.it/mP6C,3.0,Science Fiction|Adventure|Action,617126.0
2025-09-27,Together,2025,https://boxd.it/LdFE,3.5,Horror|Romance,1242011.0
2025-10-02,About Time,2013,https://boxd.it/43bI,4.0,Drama|Romance|Fantasy,122906.0
2025-10-04,The Way,2010,https://boxd.it/hZY,4.0,Adventure|Drama,59468.0
2025-10-06,The Life List,2025,https://boxd.it/LN3c,4.5,Romance|Comedy|Drama,1254786.0
2025-10-06,Saving Private Ryan,1998,https://boxd.it/29ro,4.5,War|Drama|History,857.0
2025-10-07,Benedetta,2021,https://boxd.it/gdNQ,2.0,History|Drama|Romance,454527.0
2025-10-11,Confessions,2010,https://boxd.it/uRS,4.0,Drama|Thriller|Mystery,54186.0
2025-10-12,Creep,2014,https://boxd.it/7l4c,3.0,Horror|Thriller,250574.0
2025-10-12,The Vampire Lovers,1970,https://boxd.it/1i2U,3.5,Horror,31952.0
2025-10-14,The Black Phone,2021,https://boxd.it/sqFE,3.5,,
2025-10-15,Hereditary,2018,https://boxd.it/hNVe,3.5,Horror|Mystery|Thriller,493922.0
2025-10-18,You're Next,2011,https://boxd.it/2WWK,2.5,,
2025-10-23,Jeepers Creepers,2001,https://boxd.it/1ZAg,2.5,Horror|Mystery,8922.0
2025-10-25,Sinister,2012,https://boxd.it/2TnW,3.5,Horror|Thriller|Mystery,82507.0
2025-10-26,Sick,2022,https://boxd.it/vgBI,3.5,Horror|Mystery,829410.0
2025-11-02,The Conjuring,2013,https://boxd.it/4sr2,4.0,Horror|Thriller,138843.0
2025-11-02,ONE IN A MILL10N,2025,https://boxd.it/WqXI,5.0,Documentary|Music|Family,1516525.0
2025-11-03,The Exorcist,1973,https://boxd.it/1Yoo,3.5,Horror,9552.0
2025-11-08,The VelociPastor,2017,https://boxd.it/glzW,3.5,,
2025-11-12,Sleeping with the Enemy,1991,https://boxd.it/20Xq,3.5,Drama|Thriller,7442.0
2025-11-15,Blink Twice,2024,https://boxd.it/vIOg,3.0,Horror|Mystery|Thriller,840705.0
2025-11-16,Freakier Friday,2025,https://boxd.it/GxwW,4.0,Comedy|Fantasy|Family,1125257.0
2025-11-20,"Love, Simon",2018,https://boxd.it/g02s,3.0,Comedy|Drama|Romance,449176.0
2025-11-21,Wicked,2024,https://boxd.it/e8ME,5.0,Drama|Romance|Fantasy,402431.0
2025-11-21,Wicked: For Good,2025,https://boxd.it/AyfK,4.5,Fantasy|Adventure|Romance,967941.0
2025-11-22,The Illusionist,2006,https://boxd.it/28H6,3.0,Fantasy|Drama|Thriller|Romance,1491.0
2025-12-05,A Ghost Story,2017,https://boxd.it/fb0K,2.0,Drama|Fantasy|Romance,428449.0
2025-12-06,Prom Dates,2024,https://boxd.it/KDLw,2.5,Comedy,1227780.0
2025-12-06,Her,2013,https://boxd.it/4O24,4.0,Romance|Science Fiction|Drama,152601.0
2025-12-07,Oh. What. Fun.,2025,https://boxd.it/M5u6,2.5,Comedy,1261825.0
2025-12-07,Halloween,1978,https://boxd.it/2wRu,4.0,Horror|Thriller,948.0
2025-12-11,Smile 2,2024,https://boxd.it/FDA4,2.5,Horror|Mystery,1100782.0
2025-12-21,The Best Christmas Pageant Ever,2024,https://boxd.it/JN7Y,2.5,Comedy|Drama|Family,1206617.0
2025-12-23,Going in Style,2017,https://boxd.it/bSKS,3.5,Crime|Comedy,353070.0
2025-12-25,The Magical Christmas Tree,2021,https://boxd.it/y43q,0.5,Fantasy|Romance,901544.0
2025-12-27,Wedding Crashers,2005,https://boxd.it/1Yte,2.5,Comedy|Romance,9522.0
2025-12-30,About Fate,2022,https://boxd.it/veJq,2.0,Romance|Comedy,828613.0
2026-01-05,Pink Flamingos,1972,https://boxd.it/29NO,1.0,Comedy|Crime,692.0
2026-01-06,The Heist of the Century,2020,https://boxd.it/mvuY,4.0,Comedy|Thriller|Crime,609242.0
2026-01-14,Z-O-M-B-I-E-S,2018,https://boxd.it/hp12,1.0,Fantasy|Comedy|Romance|TV Movie,483980.0
2026-01-17,One Battle After Another,2025,https://boxd.it/DUHM,4.0,Thriller|Crime|Comedy,1054867.0
2026-01-23,Eternity,2025,https://boxd.it/LYtK,4.0,Romance|Comedy|Drama,1259102.0
2026-01-24,Father of the Bride,1991,https://boxd.it/1SWY,3.5,Comedy|Romance,11846.0
2026-01-25,"Sorry, Baby",2025,https://boxd.it/JKNi,4.0,Drama|Comedy,1205515.0
2026-01-26,The Christmas Baby,2025,https://boxd.it/XG1i,2.5,Romance,1547929.0
2026-01-30,Baby Driver,2017,https://boxd.it/bhF2,3.5,Action|Crime,339403.0
2026-01-31,Frankenstein,2025,https://boxd.it/Ecsg,4.5,Drama|Fantasy|Horror,1062722.0
2026-02-02,Ratatoing,2007,https://boxd.it/60Li,0.5,,
2026-02-04,Light Light Light,2023,https://boxd.it/rh9i,4.0,Drama|Romance,727414.0
2026-02-04,8 Women,2002,https://boxd.it/27Lm,4.0,Comedy|Thriller|Mystery,1958.0
2026-02-05,Anaïs in Love,2021,https://boxd.it/tnQw,3.0,Drama|Romance|Comedy,781453.0
2026-02-07,I Am Not a Witch,2017,https://boxd.it/g1yY,4.0,Drama,449757.0
2026-02-07,Summerland,2020,https://boxd.it/j1S6,4.0,Drama|Romance,523977.0
2026-02-08,If I Had Legs I'd Kick You,2025,https://boxd.it/HUtS,3.0,Drama,1160360.0
2026-02-11,The Half of It,2020,https://boxd.it/m0T4,3.0,Comedy|Romance|Drama,597219.0
2026-02-14,The Smashing Machine,2025,https://boxd.it/syUC,3.5,Drama|History|Action,760329.0
2026-02-14,Rental Family,2025,https://boxd.it/JQOw,4.0,Comedy|Drama,1208348.0
2026-02-16,[REC],2007,https://boxd.it/20ma,4.0,Horror|Mystery,8329.0
2026-02-16,[REC]²,2009,https://boxd.it/1VH8,3.0,Thriller|Horror,10664.0
2026-02-19,Son of the Bride,2001,https://boxd.it/1F58,3.0,Comedy|Drama|Romance,19460.0
2026-02-24,Timecrimes,2007,https://boxd.it/1OGM,3.0,Science Fiction|Thriller,14139.0
2026-03-01,Rear Window,1954,https://boxd.it/2a6Q,4.5,Thriller|Mystery|Drama,567.0
2026-03-01,Song of the Sea,2014,https://boxd.it/3Ic6,3.5,Family|Animation|Fantasy,110416.0
2026-03-01,Waiting for the Hearse,1985,https://boxd.it/1PIa,3.5,Comedy,13651.0
2026-03-03,Bugonia,2025,https://boxd.it/qeWY,3.5,Science Fiction|Thriller|Comedy,701387.0
2026-03-04,A Friend of Dorothy,2025,https://boxd.it/Uxo2,4.0,Comedy|Drama,1470465.0
2026-03-05,Train Dreams,2025,https://boxd.it/LdDo,4.0,Drama,1241983.0
2026-03-07,Snow White,2025,https://boxd.it/fVuc,2.5,Family|Fantasy,447273.0
2026-03-07,Marty Supreme,2025,https://boxd.it/Off0,4.0,Drama|Thriller,1317288.0
2026-03-09,Ocean's Eight,2018,https://boxd.it/eaai,4.0,Crime|Comedy|Action,402900.0
2026-03-10,Hoppers,2026,https://boxd.it/OFpg,4.5,Adventure|Animation|Comedy|Family|Science Fiction,1327819.0
2026-03-13,Spies in Disguise,2019,https://boxd.it/fjf4,2.0,Animation|Action|Adventure|Comedy|Family,431693.0
2026-03-13,The Hunt,2020,https://boxd.it/iE9i,3.0,Action|Thriller|Horror,514847.0
2026-03-13,Forgotten,2017,https://boxd.it/hAJE,3.5,Thriller|Mystery|Crime,488623.0
2026-03-13,In a Heartbeat,2017,https://boxd.it/ggzW,4.0,Animation|Comedy|Romance,455661.0
2026-03-13,Arrival,2016,https://boxd.it/aNGk,3.5,Drama|Science Fiction|Mystery,329865.0
2026-03-13,Eternals,2021,https://boxd.it/j36o,3.5,Science Fiction|Action|Adventure,524434.0
2026-03-13,Shang-Chi and the Legend of the Ten Rings,2021,https://boxd.it/kLDI,3.5,Action|Adventure|Fantasy,566525.0
2026-03-13,Zodiac,2007,https://boxd.it/27MO,4.0,Crime|Mystery|Thriller,1949.0
2026-03-13,WALL·E,2008,https://boxd.it/1VEo,4.5,Animation|Family|Science Fiction,10681.0
2026-03-13,Starstruck,2010,https://boxd.it/1cjq,3.0,Romance|Comedy|TV Movie|Music,35558.0
2026-03-13,Ponyo,2008,https://boxd.it/1S0A,4.0,Animation|Fantasy|Family,12429.0
2026-03-13,The Handmaiden,2016,https://boxd.it/948A,4.5,Thriller|Drama|Romance,290098.0
2026-03-13,Finding Dory,2016,https://boxd.it/4aAA,3.5,Adventure|Animation|Family,127380.0
2026-03-13,The Secret Life of Pets,2016,https://boxd.it/aJ5E,3.0,Animation|Comedy|Family|Adventure,328111.0
2026-03-13,Skins,2017,https://boxd.it/fsVI,2.5,Drama|Comedy|Fantasy,435707.0
2026-03-13,Guardians of the Galaxy Vol. 2,2017,https://boxd.it/8MxC,4.0,Science Fiction|Adventure|Action,283995.0
2026-03-13,Little Amélie or the Character of Rain,2025,https://boxd.it/prg0,4.0,Animation|Drama|Family,682012.0
2026-03-14,Nobody,2021,https://boxd.it/mLqS,4.0,Action|Thriller,615457.0
2026-03-21,12 Angry Men,1957,https://boxd.it/2auI,4.0,Drama,389.0
2026-03-29,Send Help,2026,https://boxd.it/JuhA,3.5,Horror|Thriller|Comedy,1198994.0
2026-03-29,Scream 7,2026,https://boxd.it/HRvQ,2.5,Horror|Mystery|Crime,1159559.0
2026-03-29,Butterfly,2024,https://boxd.it/KQGE,4.0,Animation,1277584.0
2026-03-29,Forevergreen,2025,https://boxd.it/UQs8,3.5,Animation|Family,1477914.0
2026-03-29,Ingrid Goes West,2017,https://boxd.it/evUQ,2.0,Comedy|Drama,411741.0
2026-04-04,The Strangers: Chapter 1,2024,https://boxd.it/CcEM,2.0,Horror|Thriller,1010600.0
2026-04-04,No Other Choice,2025,https://boxd.it/nKiA,3.5,Comedy|Crime|Thriller,639988.0
2026-04-06,Paprika,2006,https://boxd.it/23wW,3.5,Animation|Science Fiction|Thriller,4977.0
2026-04-07,Sound of Metal,2019,https://boxd.it/i7Q4,4.5,,
2026-04-11,Pretty Lethal,2026,https://boxd.it/F0yy,2.5,Action|Thriller|Horror,1084187.0
2026-04-16,Love Untangled,2025,https://boxd.it/Qfao,2.5,Romance|Drama|Comedy,1355666.0
2026-04-25,Oddity,2024,https://boxd.it/K9pg,2.5,Horror|Mystery,1216191.0
2026-05-02,Drop Dead Gorgeous,1999,https://boxd.it/1W8e,4.0,Comedy,10490.0
2026-05-04,Wolfwalkers,2020,https://boxd.it/fGrC,4.5,Animation|Family|Adventure|Fantasy,441130.0
2026-05-05,TÁR,2022,https://boxd.it/uNIA,4.0,Music|Drama,817758.0
2026-05-06,Fried Green Tomatoes,1991,https://boxd.it/28qY,4.0,Drama|Comedy,1633.0
2026-05-08,Christine,1983,https://boxd.it/1ZRQ,3.5,Horror,8769.0
2026-05-10,A Street Cat Named Bob,2016,https://boxd.it/edBw,4.0,Family|Drama,404378.0
2026-05-10,The Children's Hour,1961,https://boxd.it/1DZI,4.5,Drama,20139.0
2026-05-19,Slither,2006,https://boxd.it/1Zks,3.0,Horror|Science Fiction|Comedy,9035.0
2026-05-22,Blair Witch,2016,https://boxd.it/bO28,2.5,Thriller|Horror,351211.0
2026-05-23,Free Guy,2021,https://boxd.it/k8dm,2.5,Comedy|Adventure|Science Fiction,550988.0
2026-05-30,The Housemaid,2025,https://boxd.it/QFEO,3.5,Mystery|Thriller,1368166.0
2026-06-09,A Cinderella Story,2004,https://boxd.it/1UgU,4.0,Comedy|Family|Romance,11247.0
2026-06-29,You Can Live Forever,2022,https://boxd.it/xvlk,3.5,,
2026-07-06,Romy and Michele's High School Reunion,1997,https://boxd.it/1Yf2,3.5,Comedy,9611.0
2026-07-06,My Summer of Love,2004,https://boxd.it/1XZI,1.5,,
2026-07-11,Lesbian Space Princess,2025,https://boxd.it/PgP6,3.0,Animation|Comedy|Science Fiction|Adventure,1333141.0
2026-07-11,Obsession,2025,https://boxd.it/PNqo,4.0,Thriller,1436161.0
2026-07-21,Girls Like Girls,2026,https://boxd.it/RL40,3.0,Romance|Drama,1397485.0
2026-07-25,Remarkably Bright Creatures,2026,https://boxd.it/OZJq,4.0,Drama|Mystery,1330021.0
2026-07-30,Boulevard,2026,https://boxd.it/ZtNs,0.5,Romance|Drama,1595852.0
2026-08-01,The Devil Wears Prada 2,2026,https://boxd.it/Oags,3.5,Comedy|Drama,1314481.0
2026-08-05,Disobedience,2017,https://boxd.it/ePFG,3.5,,
2026-08-08,The Eye,2002,https://boxd.it/1Wo2,3.0,Horror,10389.0
2026-08-15,The Sheep Detectives,2026,https://boxd.it/NDSe,4.0,Comedy|Family|Mystery,1301421.0
2026-08-22,Mother Mary,2026,https://boxd.it/FILw,2.0,Music|Drama|Thriller,1102883.0
2026-09-05,Barreda,2026,https://boxd.it/Uz7M,3.5,Drama|Crime|History,1471168.0
2026-09-07,The Lord of the Rings: The Fellowship of the Ring,2001,https://boxd.it/2b5O,4.0,Adventure|Fantasy|Action,120.0
2026-09-07,The Wrong Girls,2026,https://boxd.it/KAAA,3.0,Comedy|Crime|Science Fiction,1226699.0
2026-09-12,Ready or Not 2: Here I Come,2026,https://boxd.it/MfY6,3.0,,
2026-09-13,X-Men,2000,https://boxd.it/1a7s,3.5,Adventure|Action|Science Fiction,36657.0
2026-09-13,Project Hail Mary,2026,https://boxd.it/pEeQ,5.0,Science Fiction|Adventure,687163.0
